,GRAPH NAME
0,Ai3.graphml
0,Airtel.graphml
0,Amres.graphml
0,Arn.graphml
0,Arpanet196912.graphml
0,Arpanet19706.graphml
0,Azrena.graphml
0,Basnet.graphml
0,Bren.graphml
0,Carnet.graphml
0,Cesnet1993.graphml
0,Cesnet1997.graphml
0,Cesnet1999.graphml
0,Cesnet2001.graphml
0,Cynet.graphml
0,Dataxchange.graphml
0,Forthnet.graphml
0,Gambia.graphml
0,Garr199901.graphml
0,Garr199904.graphml
0,Garr199905.graphml
0,Garr200109.graphml
0,Garr200112.graphml
0,Garr200404.graphml
0,Gblnet.graphml
0,Globalcenter.graphml
0,Grena.graphml
0,Gridnet.graphml
0,GtsHungary.graphml
0,HiberniaIreland.graphml
0,HiberniaUk.graphml
0,Istar.graphml
0,Itnet.graphml
0,Jgn2Plus.graphml
0,KentmanJan2011.graphml
0,Kreonet.graphml
0,Litnet.graphml
0,Mren.graphml
0,Nordu1989.graphml
0,Nordu1997.graphml
0,Nordu2005.graphml
0,Renam.graphml
0,Renater1999.graphml
0,Reuna.graphml
0,Sago.graphml
0,Sanren.graphml
0,Singaren.graphml
0,Spiralight.graphml
0,Syringa.graphml
0,Telecomserbia.graphml
0,TLex.graphml
0,Twaren.graphml
0,Ulaknet.graphml
0,Uran.graphml
0,Vinaren.graphml
0,VisionNet.graphml
